doc_id,chunk_id,title,text,full_context
0,0,University_of_Notre_Dame,"Architecturally, the school has a Catholic character. Atop the Main Building's gold dome is a golden statue of the Virgin Mary. Immediately in front of the Main Building and facing it, is a copper statue of Christ with arms upraised with the legend ""Venite Ad Me Omnes"". Next to the Main Building is the Basilica of the Sacred Heart. Immediately behind the basilica is the Grotto, a Marian place of p","Architecturally, the school has a Catholic character. Atop the Main Building's gold dome is a golden statue of the Virgin Mary. Immediately in front of the Main Building and facing it, is a copper statue of Christ with arms upraised with the legend ""Venite Ad Me Omnes"". Next to the Main Building is the Basilica of the Sacred Heart. Immediately behind the basilica is the Grotto, a Marian place of prayer and reflection. It is a replica of the grotto at Lourdes, France where the Virgin Mary reputedly appeared to Saint Bernadette Soubirous in 1858. At the end of the main drive (and in a direct line that connects through 3 statues and the Gold Dome), is a simple, modern stone statue of Mary."
0,1,University_of_Notre_Dame,"nd the basilica is the Grotto, a Marian place of prayer and reflection. It is a replica of the grotto at Lourdes, France where the Virgin Mary reputedly appeared to Saint Bernadette Soubirous in 1858. At the end of the main drive (and in a direct line that connects through 3 statues and the Gold Dome), is a simple, modern stone statue of Mary.","Architecturally, the school has a Catholic character. Atop the Main Building's gold dome is a golden statue of the Virgin Mary. Immediately in front of the Main Building and facing it, is a copper statue of Christ with arms upraised with the legend ""Venite Ad Me Omnes"". Next to the Main Building is the Basilica of the Sacred Heart. Immediately behind the basilica is the Grotto, a Marian place of prayer and reflection. It is a replica of the grotto at Lourdes, France where the Virgin Mary reputedly appeared to Saint Bernadette Soubirous in 1858. At the end of the main drive (and in a direct line that connects through 3 statues and the Gold Dome), is a simple, modern stone statue of Mary."
1,0,University_of_Notre_Dame,"As at most other universities, Notre Dame's students run a number of news media outlets. The nine student-run outlets include three newspapers, both a radio and television station, and several magazines and journals. Begun as a one-page journal in September 1876, the Scholastic magazine is issued twice monthly and claims to be the oldest continuous collegiate publication in the United States. The ","As at most other universities, Notre Dame's students run a number of news media outlets. The nine student-run outlets include three newspapers, both a radio and television station, and several magazines and journals. Begun as a one-page journal in September 1876, the Scholastic magazine is issued twice monthly and claims to be the oldest continuous collegiate publication in the United States. The other magazine, The Juggler, is released twice a year and focuses on student literature and artwork. The Dome yearbook is published annually. The newspapers have varying publication interests, with The Observer published daily and mainly reporting university and other news, and staffed by students from both Notre Dame and Saint Mary's College. Unlike Scholastic and The Dome, The Observer is an independent publication and does not have a faculty advisor or any editorial oversight from the University. In 1987, when some students believed that The Observer began to show a conservative bias, a liberal newspaper, Common Sense was published. Likewise, in 2003, when other students believed that the paper showed a liberal bias, the conservative paper Irish Rover went into production. Neither paper is published as often as The Observer; however, all three are distributed to all students. Finally, in Spring 2008 an undergraduate journal for political science research, Beyond Politics, made its debut."
1,1,University_of_Notre_Dame," collegiate publication in the United States. The other magazine, The Juggler, is released twice a year and focuses on student literature and artwork. The Dome yearbook is published annually. The newspapers have varying publication interests, with The Observer published daily and mainly reporting university and other news, and staffed by students from both Notre Dame and Saint Mary's College. Unli","As at most other universities, Notre Dame's students run a number of news media outlets. The nine student-run outlets include three newspapers, both a radio and television station, and several magazines and journals. Begun as a one-page journal in September 1876, the Scholastic magazine is issued twice monthly and claims to be the oldest continuous collegiate publication in the United States. The other magazine, The Juggler, is released twice a year and focuses on student literature and artwork. The Dome yearbook is published annually. The newspapers have varying publication interests, with The Observer published daily and mainly reporting university and other news, and staffed by students from both Notre Dame and Saint Mary's College. Unlike Scholastic and The Dome, The Observer is an independent publication and does not have a faculty advisor or any editorial oversight from the University. In 1987, when some students believed that The Observer began to show a conservative bias, a liberal newspaper, Common Sense was published. Likewise, in 2003, when other students believed that the paper showed a liberal bias, the conservative paper Irish Rover went into production. Neither paper is published as often as The Observer; however, all three are distributed to all students. Finally, in Spring 2008 an undergraduate journal for political science research, Beyond Politics, made its debut."
1,2,University_of_Notre_Dame,"rom both Notre Dame and Saint Mary's College. Unlike Scholastic and The Dome, The Observer is an independent publication and does not have a faculty advisor or any editorial oversight from the University. In 1987, when some students believed that The Observer began to show a conservative bias, a liberal newspaper, Common Sense was published. Likewise, in 2003, when other students believed that the","As at most other universities, Notre Dame's students run a number of news media outlets. The nine student-run outlets include three newspapers, both a radio and television station, and several magazines and journals. Begun as a one-page journal in September 1876, the Scholastic magazine is issued twice monthly and claims to be the oldest continuous collegiate publication in the United States. The other magazine, The Juggler, is released twice a year and focuses on student literature and artwork. The Dome yearbook is published annually. The newspapers have varying publication interests, with The Observer published daily and mainly reporting university and other news, and staffed by students from both Notre Dame and Saint Mary's College. Unlike Scholastic and The Dome, The Observer is an independent publication and does not have a faculty advisor or any editorial oversight from the University. In 1987, when some students believed that The Observer began to show a conservative bias, a liberal newspaper, Common Sense was published. Likewise, in 2003, when other students believed that the paper showed a liberal bias, the conservative paper Irish Rover went into production. Neither paper is published as often as The Observer; however, all three are distributed to all students. Finally, in Spring 2008 an undergraduate journal for political science research, Beyond Politics, made its debut."
1,3,University_of_Notre_Dame,"se, in 2003, when other students believed that the paper showed a liberal bias, the conservative paper Irish Rover went into production. Neither paper is published as often as The Observer; however, all three are distributed to all students. Finally, in Spring 2008 an undergraduate journal for political science research, Beyond Politics, made its debut.","As at most other universities, Notre Dame's students run a number of news media outlets. The nine student-run outlets include three newspapers, both a radio and television station, and several magazines and journals. Begun as a one-page journal in September 1876, the Scholastic magazine is issued twice monthly and claims to be the oldest continuous collegiate publication in the United States. The other magazine, The Juggler, is released twice a year and focuses on student literature and artwork. The Dome yearbook is published annually. The newspapers have varying publication interests, with The Observer published daily and mainly reporting university and other news, and staffed by students from both Notre Dame and Saint Mary's College. Unlike Scholastic and The Dome, The Observer is an independent publication and does not have a faculty advisor or any editorial oversight from the University. In 1987, when some students believed that The Observer began to show a conservative bias, a liberal newspaper, Common Sense was published. Likewise, in 2003, when other students believed that the paper showed a liberal bias, the conservative paper Irish Rover went into production. Neither paper is published as often as The Observer; however, all three are distributed to all students. Finally, in Spring 2008 an undergraduate journal for political science research, Beyond Politics, made its debut."
2,0,University_of_Notre_Dame,"The university is the major seat of the Congregation of Holy Cross (albeit not its official headquarters, which are in Rome). Its main seminary, Moreau Seminary, is located on the campus across St. Joseph lake from the Main Building. Old College, the oldest building on campus and located near the shore of St. Mary lake, houses undergraduate seminarians. Retired priests and brothers reside in Fatim","The university is the major seat of the Congregation of Holy Cross (albeit not its official headquarters, which are in Rome). Its main seminary, Moreau Seminary, is located on the campus across St. Joseph lake from the Main Building. Old College, the oldest building on campus and located near the shore of St. Mary lake, houses undergraduate seminarians. Retired priests and brothers reside in Fatima House (a former retreat center), Holy Cross House, as well as Columba Hall near the Grotto. The university through the Moreau Seminary has ties to theologian Frederick Buechner. While not Catholic, Buechner has praised writers from Notre Dame and Moreau Seminary created a Buechner Prize for Preaching."
2,1,University_of_Notre_Dame,"ians. Retired priests and brothers reside in Fatima House (a former retreat center), Holy Cross House, as well as Columba Hall near the Grotto. The university through the Moreau Seminary has ties to theologian Frederick Buechner. While not Catholic, Buechner has praised writers from Notre Dame and Moreau Seminary created a Buechner Prize for Preaching.","The university is the major seat of the Congregation of Holy Cross (albeit not its official headquarters, which are in Rome). Its main seminary, Moreau Seminary, is located on the campus across St. Joseph lake from the Main Building. Old College, the oldest building on campus and located near the shore of St. Mary lake, houses undergraduate seminarians. Retired priests and brothers reside in Fatima House (a former retreat center), Holy Cross House, as well as Columba Hall near the Grotto. The university through the Moreau Seminary has ties to theologian Frederick Buechner. While not Catholic, Buechner has praised writers from Notre Dame and Moreau Seminary created a Buechner Prize for Preaching."
3,0,University_of_Notre_Dame,"The College of Engineering was established in 1920, however, early courses in civil and mechanical engineering were a part of the College of Science since the 1870s. Today the college, housed in the Fitzpatrick, Cushing, and Stinson-Remick Halls of Engineering, includes five departments of study – aerospace and mechanical engineering, chemical and biomolecular engineering, civil engineering and ge","The College of Engineering was established in 1920, however, early courses in civil and mechanical engineering were a part of the College of Science since the 1870s. Today the college, housed in the Fitzpatrick, Cushing, and Stinson-Remick Halls of Engineering, includes five departments of study – aerospace and mechanical engineering, chemical and biomolecular engineering, civil engineering and geological sciences, computer science and engineering, and electrical engineering – with eight B.S. degrees offered. Additionally, the college offers five-year dual degree programs with the Colleges of Arts and Letters and of Business awarding additional B.A. and Master of Business Administration (MBA) degrees, respectively."
3,1,University_of_Notre_Dame,"biomolecular engineering, civil engineering and geological sciences, computer science and engineering, and electrical engineering – with eight B.S. degrees offered. Additionally, the college offers five-year dual degree programs with the Colleges of Arts and Letters and of Business awarding additional B.A. and Master of Business Administration (MBA) degrees, respectively.","The College of Engineering was established in 1920, however, early courses in civil and mechanical engineering were a part of the College of Science since the 1870s. Today the college, housed in the Fitzpatrick, Cushing, and Stinson-Remick Halls of Engineering, includes five departments of study – aerospace and mechanical engineering, chemical and biomolecular engineering, civil engineering and geological sciences, computer science and engineering, and electrical engineering – with eight B.S. degrees offered. Additionally, the college offers five-year dual degree programs with the Colleges of Arts and Letters and of Business awarding additional B.A. and Master of Business Administration (MBA) degrees, respectively."
4,0,University_of_Notre_Dame,All of Notre Dame's undergraduate students are a part of one of the five undergraduate colleges at the school or are in the First Year of Studies program. The First Year of Studies program was established in 1962 to guide incoming freshmen in their first year at the school before they have declared a major. Each student is given an academic advisor from the program who helps them to choose classes,"All of Notre Dame's undergraduate students are a part of one of the five undergraduate colleges at the school or are in the First Year of Studies program. The First Year of Studies program was established in 1962 to guide incoming freshmen in their first year at the school before they have declared a major. Each student is given an academic advisor from the program who helps them to choose classes that give them exposure to any major in which they are interested. The program also includes a Learning Resource Center which provides time management, collaborative learning, and subject tutoring. This program has been recognized previously, by U.S. News & World Report, as outstanding."
4,1,University_of_Notre_Dame," from the program who helps them to choose classes that give them exposure to any major in which they are interested. The program also includes a Learning Resource Center which provides time management, collaborative learning, and subject tutoring. This program has been recognized previously, by U.S. News & World Report, as outstanding.","All of Notre Dame's undergraduate students are a part of one of the five undergraduate colleges at the school or are in the First Year of Studies program. The First Year of Studies program was established in 1962 to guide incoming freshmen in their first year at the school before they have declared a major. Each student is given an academic advisor from the program who helps them to choose classes that give them exposure to any major in which they are interested. The program also includes a Learning Resource Center which provides time management, collaborative learning, and subject tutoring. This program has been recognized previously, by U.S. News & World Report, as outstanding."
5,0,University_of_Notre_Dame,"The university first offered graduate degrees, in the form of a Master of Arts (MA), in the 1854–1855 academic year. The program expanded to include Master of Laws (LL.M.) and Master of Civil Engineering in its early stages of growth, before a formal graduate school education was developed with a thesis not required to receive the degrees. This changed in 1924 with formal requirements developed fo","The university first offered graduate degrees, in the form of a Master of Arts (MA), in the 1854–1855 academic year. The program expanded to include Master of Laws (LL.M.) and Master of Civil Engineering in its early stages of growth, before a formal graduate school education was developed with a thesis not required to receive the degrees. This changed in 1924 with formal requirements developed for graduate degrees, including offering Doctorate (PhD) degrees. Today each of the five colleges offer graduate education. Most of the departments from the College of Arts and Letters offer PhD programs, while a professional Master of Divinity (M.Div.) program also exists. All of the departments in the College of Science offer PhD programs, except for the Department of Pre-Professional Studies. The School of Architecture offers a Master of Architecture, while each of the departments of the College of Engineering offer PhD programs. The College of Business offers multiple professional programs including MBA and Master of Science in Accountancy programs. It also operates facilities in Chicago and Cincinnati for its executive MBA program. Additionally, the Alliance for Catholic Education program offers a Master of Education program where students study at the university during the summer and teach in Catholic elementary schools, middle schools, and high schools across the Southern United States for two school years."
5,1,University_of_Notre_Dame,"nged in 1924 with formal requirements developed for graduate degrees, including offering Doctorate (PhD) degrees. Today each of the five colleges offer graduate education. Most of the departments from the College of Arts and Letters offer PhD programs, while a professional Master of Divinity (M.Div.) program also exists. All of the departments in the College of Science offer PhD programs, except f","The university first offered graduate degrees, in the form of a Master of Arts (MA), in the 1854–1855 academic year. The program expanded to include Master of Laws (LL.M.) and Master of Civil Engineering in its early stages of growth, before a formal graduate school education was developed with a thesis not required to receive the degrees. This changed in 1924 with formal requirements developed for graduate degrees, including offering Doctorate (PhD) degrees. Today each of the five colleges offer graduate education. Most of the departments from the College of Arts and Letters offer PhD programs, while a professional Master of Divinity (M.Div.) program also exists. All of the departments in the College of Science offer PhD programs, except for the Department of Pre-Professional Studies. The School of Architecture offers a Master of Architecture, while each of the departments of the College of Engineering offer PhD programs. The College of Business offers multiple professional programs including MBA and Master of Science in Accountancy programs. It also operates facilities in Chicago and Cincinnati for its executive MBA program. Additionally, the Alliance for Catholic Education program offers a Master of Education program where students study at the university during the summer and teach in Catholic elementary schools, middle schools, and high schools across the Southern United States for two school years."
5,2,University_of_Notre_Dame,"he College of Science offer PhD programs, except for the Department of Pre-Professional Studies. The School of Architecture offers a Master of Architecture, while each of the departments of the College of Engineering offer PhD programs. The College of Business offers multiple professional programs including MBA and Master of Science in Accountancy programs. It also operates facilities in Chicago a","The university first offered graduate degrees, in the form of a Master of Arts (MA), in the 1854–1855 academic year. The program expanded to include Master of Laws (LL.M.) and Master of Civil Engineering in its early stages of growth, before a formal graduate school education was developed with a thesis not required to receive the degrees. This changed in 1924 with formal requirements developed for graduate degrees, including offering Doctorate (PhD) degrees. Today each of the five colleges offer graduate education. Most of the departments from the College of Arts and Letters offer PhD programs, while a professional Master of Divinity (M.Div.) program also exists. All of the departments in the College of Science offer PhD programs, except for the Department of Pre-Professional Studies. The School of Architecture offers a Master of Architecture, while each of the departments of the College of Engineering offer PhD programs. The College of Business offers multiple professional programs including MBA and Master of Science in Accountancy programs. It also operates facilities in Chicago and Cincinnati for its executive MBA program. Additionally, the Alliance for Catholic Education program offers a Master of Education program where students study at the university during the summer and teach in Catholic elementary schools, middle schools, and high schools across the Southern United States for two school years."
5,3,University_of_Notre_Dame,"programs. It also operates facilities in Chicago and Cincinnati for its executive MBA program. Additionally, the Alliance for Catholic Education program offers a Master of Education program where students study at the university during the summer and teach in Catholic elementary schools, middle schools, and high schools across the Southern United States for two school years.","The university first offered graduate degrees, in the form of a Master of Arts (MA), in the 1854–1855 academic year. The program expanded to include Master of Laws (LL.M.) and Master of Civil Engineering in its early stages of growth, before a formal graduate school education was developed with a thesis not required to receive the degrees. This changed in 1924 with formal requirements developed for graduate degrees, including offering Doctorate (PhD) degrees. Today each of the five colleges offer graduate education. Most of the departments from the College of Arts and Letters offer PhD programs, while a professional Master of Divinity (M.Div.) program also exists. All of the departments in the College of Science offer PhD programs, except for the Department of Pre-Professional Studies. The School of Architecture offers a Master of Architecture, while each of the departments of the College of Engineering offer PhD programs. The College of Business offers multiple professional programs including MBA and Master of Science in Accountancy programs. It also operates facilities in Chicago and Cincinnati for its executive MBA program. Additionally, the Alliance for Catholic Education program offers a Master of Education program where students study at the university during the summer and teach in Catholic elementary schools, middle schools, and high schools across the Southern United States for two school years."
6,0,University_of_Notre_Dame,"The Joan B. Kroc Institute for International Peace Studies at the University of Notre Dame is dedicated to research, education and outreach on the causes of violent conflict and the conditions for sustainable peace. It offers PhD, Master's, and undergraduate degrees in peace studies. It was founded in 1986 through the donations of Joan B. Kroc, the widow of McDonald's owner Ray Kroc. The institute","The Joan B. Kroc Institute for International Peace Studies at the University of Notre Dame is dedicated to research, education and outreach on the causes of violent conflict and the conditions for sustainable peace. It offers PhD, Master's, and undergraduate degrees in peace studies. It was founded in 1986 through the donations of Joan B. Kroc, the widow of McDonald's owner Ray Kroc. The institute was inspired by the vision of the Rev. Theodore M. Hesburgh CSC, President Emeritus of the University of Notre Dame. The institute has contributed to international policy discussions about peace building practices."
6,1,University_of_Notre_Dame," widow of McDonald's owner Ray Kroc. The institute was inspired by the vision of the Rev. Theodore M. Hesburgh CSC, President Emeritus of the University of Notre Dame. The institute has contributed to international policy discussions about peace building practices.","The Joan B. Kroc Institute for International Peace Studies at the University of Notre Dame is dedicated to research, education and outreach on the causes of violent conflict and the conditions for sustainable peace. It offers PhD, Master's, and undergraduate degrees in peace studies. It was founded in 1986 through the donations of Joan B. Kroc, the widow of McDonald's owner Ray Kroc. The institute was inspired by the vision of the Rev. Theodore M. Hesburgh CSC, President Emeritus of the University of Notre Dame. The institute has contributed to international policy discussions about peace building practices."
7,0,University_of_Notre_Dame,"The library system of the university is divided between the main library and each of the colleges and schools. The main building is the 14-story Theodore M. Hesburgh Library, completed in 1963, which is the third building to house the main collection of books. The front of the library is adorned with the Word of Life mural designed by artist Millard Sheets. This mural is popularly known as ""Touchd","The library system of the university is divided between the main library and each of the colleges and schools. The main building is the 14-story Theodore M. Hesburgh Library, completed in 1963, which is the third building to house the main collection of books. The front of the library is adorned with the Word of Life mural designed by artist Millard Sheets. This mural is popularly known as ""Touchdown Jesus"" because of its proximity to Notre Dame Stadium and Jesus' arms appearing to make the signal for a touchdown."
7,1,University_of_Notre_Dame,"d Sheets. This mural is popularly known as ""Touchdown Jesus"" because of its proximity to Notre Dame Stadium and Jesus' arms appearing to make the signal for a touchdown.","The library system of the university is divided between the main library and each of the colleges and schools. The main building is the 14-story Theodore M. Hesburgh Library, completed in 1963, which is the third building to house the main collection of books. The front of the library is adorned with the Word of Life mural designed by artist Millard Sheets. This mural is popularly known as ""Touchdown Jesus"" because of its proximity to Notre Dame Stadium and Jesus' arms appearing to make the signal for a touchdown."
8,0,University_of_Notre_Dame,"Notre Dame is known for its competitive admissions, with the incoming class enrolling in fall 2015 admitting 3,577 from a pool of 18,156 (19.7%). The academic profile of the enrolled class continues to rate among the top 10 to 15 in the nation for national research universities. The university practices a non-restrictive early action policy that allows admitted students to consider admission to No","Notre Dame is known for its competitive admissions, with the incoming class enrolling in fall 2015 admitting 3,577 from a pool of 18,156 (19.7%). The academic profile of the enrolled class continues to rate among the top 10 to 15 in the nation for national research universities. The university practices a non-restrictive early action policy that allows admitted students to consider admission to Notre Dame as well as any other colleges to which they were accepted. 1,400 of the 3,577 (39.1%) were admitted under the early action plan. Admitted students came from 1,311 high schools and the average student traveled more than 750 miles to Notre Dame, making it arguably the most representative university in the United States. While all entering students begin in the College of the First Year of Studies, 25% have indicated they plan to study in the liberal arts or social sciences, 24% in engineering, 24% in business, 24% in science, and 3% in architecture."
8,1,University_of_Notre_Dame,"lows admitted students to consider admission to Notre Dame as well as any other colleges to which they were accepted. 1,400 of the 3,577 (39.1%) were admitted under the early action plan. Admitted students came from 1,311 high schools and the average student traveled more than 750 miles to Notre Dame, making it arguably the most representative university in the United States. While all entering st","Notre Dame is known for its competitive admissions, with the incoming class enrolling in fall 2015 admitting 3,577 from a pool of 18,156 (19.7%). The academic profile of the enrolled class continues to rate among the top 10 to 15 in the nation for national research universities. The university practices a non-restrictive early action policy that allows admitted students to consider admission to Notre Dame as well as any other colleges to which they were accepted. 1,400 of the 3,577 (39.1%) were admitted under the early action plan. Admitted students came from 1,311 high schools and the average student traveled more than 750 miles to Notre Dame, making it arguably the most representative university in the United States. While all entering students begin in the College of the First Year of Studies, 25% have indicated they plan to study in the liberal arts or social sciences, 24% in engineering, 24% in business, 24% in science, and 3% in architecture."
8,2,University_of_Notre_Dame,"ersity in the United States. While all entering students begin in the College of the First Year of Studies, 25% have indicated they plan to study in the liberal arts or social sciences, 24% in engineering, 24% in business, 24% in science, and 3% in architecture.","Notre Dame is known for its competitive admissions, with the incoming class enrolling in fall 2015 admitting 3,577 from a pool of 18,156 (19.7%). The academic profile of the enrolled class continues to rate among the top 10 to 15 in the nation for national research universities. The university practices a non-restrictive early action policy that allows admitted students to consider admission to Notre Dame as well as any other colleges to which they were accepted. 1,400 of the 3,577 (39.1%) were admitted under the early action plan. Admitted students came from 1,311 high schools and the average student traveled more than 750 miles to Notre Dame, making it arguably the most representative university in the United States. While all entering students begin in the College of the First Year of Studies, 25% have indicated they plan to study in the liberal arts or social sciences, 24% in engineering, 24% in business, 24% in science, and 3% in architecture."
9,0,University_of_Notre_Dame,"In 2015-2016, Notre Dame ranked 18th overall among ""national universities"" in the United States in U.S. News & World Report's Best Colleges 2016. In 2014, USA Today ranked Notre Dame 10th overall for American universities based on data from College Factual. Forbes.com's America's Best Colleges ranks Notre Dame 13th among colleges in the United States in 2015, 8th among Research Universities, and 1","In 2015-2016, Notre Dame ranked 18th overall among ""national universities"" in the United States in U.S. News & World Report's Best Colleges 2016. In 2014, USA Today ranked Notre Dame 10th overall for American universities based on data from College Factual. Forbes.com's America's Best Colleges ranks Notre Dame 13th among colleges in the United States in 2015, 8th among Research Universities, and 1st in the Midwest. U.S. News & World Report also lists Notre Dame Law School as 22nd overall. BusinessWeek ranks Mendoza College of Business undergraduate school as 1st overall. It ranks the MBA program as 20th overall. The Philosophical Gourmet Report ranks Notre Dame's graduate philosophy program as 15th nationally, while ARCHITECT Magazine ranked the undergraduate architecture program as 12th nationally. Additionally, the study abroad program ranks sixth in highest participation percentage in the nation, with 57.6% of students choosing to study abroad in 17 countries. According to payscale.com, undergraduate alumni of University of Notre Dame have a mid-career median salary $110,000, making it the 24th highest among colleges and universities in the United States. The median starting salary of $55,300 ranked 58th in the same peer group."
9,1,University_of_Notre_Dame,"es in 2015, 8th among Research Universities, and 1st in the Midwest. U.S. News & World Report also lists Notre Dame Law School as 22nd overall. BusinessWeek ranks Mendoza College of Business undergraduate school as 1st overall. It ranks the MBA program as 20th overall. The Philosophical Gourmet Report ranks Notre Dame's graduate philosophy program as 15th nationally, while ARCHITECT Magazine ranke","In 2015-2016, Notre Dame ranked 18th overall among ""national universities"" in the United States in U.S. News & World Report's Best Colleges 2016. In 2014, USA Today ranked Notre Dame 10th overall for American universities based on data from College Factual. Forbes.com's America's Best Colleges ranks Notre Dame 13th among colleges in the United States in 2015, 8th among Research Universities, and 1st in the Midwest. U.S. News & World Report also lists Notre Dame Law School as 22nd overall. BusinessWeek ranks Mendoza College of Business undergraduate school as 1st overall. It ranks the MBA program as 20th overall. The Philosophical Gourmet Report ranks Notre Dame's graduate philosophy program as 15th nationally, while ARCHITECT Magazine ranked the undergraduate architecture program as 12th nationally. Additionally, the study abroad program ranks sixth in highest participation percentage in the nation, with 57.6% of students choosing to study abroad in 17 countries. According to payscale.com, undergraduate alumni of University of Notre Dame have a mid-career median salary $110,000, making it the 24th highest among colleges and universities in the United States. The median starting salary of $55,300 ranked 58th in the same peer group."
9,2,University_of_Notre_Dame,"as 15th nationally, while ARCHITECT Magazine ranked the undergraduate architecture program as 12th nationally. Additionally, the study abroad program ranks sixth in highest participation percentage in the nation, with 57.6% of students choosing to study abroad in 17 countries. According to payscale.com, undergraduate alumni of University of Notre Dame have a mid-career median salary $110,000, maki","In 2015-2016, Notre Dame ranked 18th overall among ""national universities"" in the United States in U.S. News & World Report's Best Colleges 2016. In 2014, USA Today ranked Notre Dame 10th overall for American universities based on data from College Factual. Forbes.com's America's Best Colleges ranks Notre Dame 13th among colleges in the United States in 2015, 8th among Research Universities, and 1st in the Midwest. U.S. News & World Report also lists Notre Dame Law School as 22nd overall. BusinessWeek ranks Mendoza College of Business undergraduate school as 1st overall. It ranks the MBA program as 20th overall. The Philosophical Gourmet Report ranks Notre Dame's graduate philosophy program as 15th nationally, while ARCHITECT Magazine ranked the undergraduate architecture program as 12th nationally. Additionally, the study abroad program ranks sixth in highest participation percentage in the nation, with 57.6% of students choosing to study abroad in 17 countries. According to payscale.com, undergraduate alumni of University of Notre Dame have a mid-career median salary $110,000, making it the 24th highest among colleges and universities in the United States. The median starting salary of $55,300 ranked 58th in the same peer group."
9,3,University_of_Notre_Dame,"ame have a mid-career median salary $110,000, making it the 24th highest among colleges and universities in the United States. The median starting salary of $55,300 ranked 58th in the same peer group.","In 2015-2016, Notre Dame ranked 18th overall among ""national universities"" in the United States in U.S. News & World Report's Best Colleges 2016. In 2014, USA Today ranked Notre Dame 10th overall for American universities based on data from College Factual. Forbes.com's America's Best Colleges ranks Notre Dame 13th among colleges in the United States in 2015, 8th among Research Universities, and 1st in the Midwest. U.S. News & World Report also lists Notre Dame Law School as 22nd overall. BusinessWeek ranks Mendoza College of Business undergraduate school as 1st overall. It ranks the MBA program as 20th overall. The Philosophical Gourmet Report ranks Notre Dame's graduate philosophy program as 15th nationally, while ARCHITECT Magazine ranked the undergraduate architecture program as 12th nationally. Additionally, the study abroad program ranks sixth in highest participation percentage in the nation, with 57.6% of students choosing to study abroad in 17 countries. According to payscale.com, undergraduate alumni of University of Notre Dame have a mid-career median salary $110,000, making it the 24th highest among colleges and universities in the United States. The median starting salary of $55,300 ranked 58th in the same peer group."
10,0,University_of_Notre_Dame,"Father Joseph Carrier, C.S.C. was Director of the Science Museum and the Library and Professor of Chemistry and Physics until 1874. Carrier taught that scientific research and its promise for progress were not antagonistic to the ideals of intellectual and moral culture endorsed by the Church. One of Carrier's students was Father John Augustine Zahm (1851–1921) who was made Professor and Co-Direct","Father Joseph Carrier, C.S.C. was Director of the Science Museum and the Library and Professor of Chemistry and Physics until 1874. Carrier taught that scientific research and its promise for progress were not antagonistic to the ideals of intellectual and moral culture endorsed by the Church. One of Carrier's students was Father John Augustine Zahm (1851–1921) who was made Professor and Co-Director of the Science Department at age 23 and by 1900 was a nationally prominent scientist and naturalist. Zahm was active in the Catholic Summer School movement, which introduced Catholic laity to contemporary intellectual issues. His book Evolution and Dogma (1896) defended certain aspects of evolutionary theory as true, and argued, moreover, that even the great Church teachers Thomas Aquinas and Augustine taught something like it. The intervention of Irish American Catholics in Rome prevented Zahm's censure by the Vatican. In 1913, Zahm and former President Theodore Roosevelt embarked on a major expedition through the Amazon."
10,1,University_of_Notre_Dame,"m (1851–1921) who was made Professor and Co-Director of the Science Department at age 23 and by 1900 was a nationally prominent scientist and naturalist. Zahm was active in the Catholic Summer School movement, which introduced Catholic laity to contemporary intellectual issues. His book Evolution and Dogma (1896) defended certain aspects of evolutionary theory as true, and argued, moreover, that e","Father Joseph Carrier, C.S.C. was Director of the Science Museum and the Library and Professor of Chemistry and Physics until 1874. Carrier taught that scientific research and its promise for progress were not antagonistic to the ideals of intellectual and moral culture endorsed by the Church. One of Carrier's students was Father John Augustine Zahm (1851–1921) who was made Professor and Co-Director of the Science Department at age 23 and by 1900 was a nationally prominent scientist and naturalist. Zahm was active in the Catholic Summer School movement, which introduced Catholic laity to contemporary intellectual issues. His book Evolution and Dogma (1896) defended certain aspects of evolutionary theory as true, and argued, moreover, that even the great Church teachers Thomas Aquinas and Augustine taught something like it. The intervention of Irish American Catholics in Rome prevented Zahm's censure by the Vatican. In 1913, Zahm and former President Theodore Roosevelt embarked on a major expedition through the Amazon."
10,2,University_of_Notre_Dame,"onary theory as true, and argued, moreover, that even the great Church teachers Thomas Aquinas and Augustine taught something like it. The intervention of Irish American Catholics in Rome prevented Zahm's censure by the Vatican. In 1913, Zahm and former President Theodore Roosevelt embarked on a major expedition through the Amazon.","Father Joseph Carrier, C.S.C. was Director of the Science Museum and the Library and Professor of Chemistry and Physics until 1874. Carrier taught that scientific research and its promise for progress were not antagonistic to the ideals of intellectual and moral culture endorsed by the Church. One of Carrier's students was Father John Augustine Zahm (1851–1921) who was made Professor and Co-Director of the Science Department at age 23 and by 1900 was a nationally prominent scientist and naturalist. Zahm was active in the Catholic Summer School movement, which introduced Catholic laity to contemporary intellectual issues. His book Evolution and Dogma (1896) defended certain aspects of evolutionary theory as true, and argued, moreover, that even the great Church teachers Thomas Aquinas and Augustine taught something like it. The intervention of Irish American Catholics in Rome prevented Zahm's censure by the Vatican. In 1913, Zahm and former President Theodore Roosevelt embarked on a major expedition through the Amazon."
11,0,University_of_Notre_Dame,"In 1882, Albert Zahm (John Zahm's brother) built an early wind tunnel used to compare lift to drag of aeronautical models. Around 1899, Professor Jerome Green became the first American to send a wireless message. In 1931, Father Julius Nieuwland performed early work on basic reactions that was used to create neoprene. Study of nuclear physics at the university began with the building of a nuclear ","In 1882, Albert Zahm (John Zahm's brother) built an early wind tunnel used to compare lift to drag of aeronautical models. Around 1899, Professor Jerome Green became the first American to send a wireless message. In 1931, Father Julius Nieuwland performed early work on basic reactions that was used to create neoprene. Study of nuclear physics at the university began with the building of a nuclear accelerator in 1936, and continues now partly through a partnership in the Joint Institute for Nuclear Astrophysics."
11,1,University_of_Notre_Dame,"e university began with the building of a nuclear accelerator in 1936, and continues now partly through a partnership in the Joint Institute for Nuclear Astrophysics.","In 1882, Albert Zahm (John Zahm's brother) built an early wind tunnel used to compare lift to drag of aeronautical models. Around 1899, Professor Jerome Green became the first American to send a wireless message. In 1931, Father Julius Nieuwland performed early work on basic reactions that was used to create neoprene. Study of nuclear physics at the university began with the building of a nuclear accelerator in 1936, and continues now partly through a partnership in the Joint Institute for Nuclear Astrophysics."
12,0,University_of_Notre_Dame,"The Lobund Institute grew out of pioneering research in germ-free-life which began in 1928. This area of research originated in a question posed by Pasteur as to whether animal life was possible without bacteria. Though others had taken up this idea, their research was short lived and inconclusive. Lobund was the first research organization to answer definitively, that such life is possible and th","The Lobund Institute grew out of pioneering research in germ-free-life which began in 1928. This area of research originated in a question posed by Pasteur as to whether animal life was possible without bacteria. Though others had taken up this idea, their research was short lived and inconclusive. Lobund was the first research organization to answer definitively, that such life is possible and that it can be prolonged through generations. But the objective was not merely to answer Pasteur's question but also to produce the germ free animal as a new tool for biological and medical research. This objective was reached and for years Lobund was a unique center for the study and production of germ free animals and for their use in biological and medical investigations. Today the work has spread to other universities. In the beginning it was under the Department of Biology and a program leading to the master's degree accompanied the research program. In the 1940s Lobund achieved independent status as a purely research organization and in 1950 was raised to the status of an Institute. In 1958 it was brought back into the Department of Biology as integral part of that department, but with its own program leading to the degree of PhD in Gnotobiotics."
12,1,University_of_Notre_Dame,"er definitively, that such life is possible and that it can be prolonged through generations. But the objective was not merely to answer Pasteur's question but also to produce the germ free animal as a new tool for biological and medical research. This objective was reached and for years Lobund was a unique center for the study and production of germ free animals and for their use in biological an","The Lobund Institute grew out of pioneering research in germ-free-life which began in 1928. This area of research originated in a question posed by Pasteur as to whether animal life was possible without bacteria. Though others had taken up this idea, their research was short lived and inconclusive. Lobund was the first research organization to answer definitively, that such life is possible and that it can be prolonged through generations. But the objective was not merely to answer Pasteur's question but also to produce the germ free animal as a new tool for biological and medical research. This objective was reached and for years Lobund was a unique center for the study and production of germ free animals and for their use in biological and medical investigations. Today the work has spread to other universities. In the beginning it was under the Department of Biology and a program leading to the master's degree accompanied the research program. In the 1940s Lobund achieved independent status as a purely research organization and in 1950 was raised to the status of an Institute. In 1958 it was brought back into the Department of Biology as integral part of that department, but with its own program leading to the degree of PhD in Gnotobiotics."
12,2,University_of_Notre_Dame,rm free animals and for their use in biological and medical investigations. Today the work has spread to other universities. In the beginning it was under the Department of Biology and a program leading to the master's degree accompanied the research program. In the 1940s Lobund achieved independent status as a purely research organization and in 1950 was raised to the status of an Institute. In 1,"The Lobund Institute grew out of pioneering research in germ-free-life which began in 1928. This area of research originated in a question posed by Pasteur as to whether animal life was possible without bacteria. Though others had taken up this idea, their research was short lived and inconclusive. Lobund was the first research organization to answer definitively, that such life is possible and that it can be prolonged through generations. But the objective was not merely to answer Pasteur's question but also to produce the germ free animal as a new tool for biological and medical research. This objective was reached and for years Lobund was a unique center for the study and production of germ free animals and for their use in biological and medical investigations. Today the work has spread to other universities. In the beginning it was under the Department of Biology and a program leading to the master's degree accompanied the research program. In the 1940s Lobund achieved independent status as a purely research organization and in 1950 was raised to the status of an Institute. In 1958 it was brought back into the Department of Biology as integral part of that department, but with its own program leading to the degree of PhD in Gnotobiotics."
12,3,University_of_Notre_Dame,"950 was raised to the status of an Institute. In 1958 it was brought back into the Department of Biology as integral part of that department, but with its own program leading to the degree of PhD in Gnotobiotics.","The Lobund Institute grew out of pioneering research in germ-free-life which began in 1928. This area of research originated in a question posed by Pasteur as to whether animal life was possible without bacteria. Though others had taken up this idea, their research was short lived and inconclusive. Lobund was the first research organization to answer definitively, that such life is possible and that it can be prolonged through generations. But the objective was not merely to answer Pasteur's question but also to produce the germ free animal as a new tool for biological and medical research. This objective was reached and for years Lobund was a unique center for the study and production of germ free animals and for their use in biological and medical investigations. Today the work has spread to other universities. In the beginning it was under the Department of Biology and a program leading to the master's degree accompanied the research program. In the 1940s Lobund achieved independent status as a purely research organization and in 1950 was raised to the status of an Institute. In 1958 it was brought back into the Department of Biology as integral part of that department, but with its own program leading to the degree of PhD in Gnotobiotics."
13,0,University_of_Notre_Dame,"The Review of Politics was founded in 1939 by Gurian, modeled after German Catholic journals. It quickly emerged as part of an international Catholic intellectual revival, offering an alternative vision to positivist philosophy. For 44 years, the Review was edited by Gurian, Matthew Fitzsimons, Frederick Crosson, and Thomas Stritch. Intellectual leaders included Gurian, Jacques Maritain, Frank O'M","The Review of Politics was founded in 1939 by Gurian, modeled after German Catholic journals. It quickly emerged as part of an international Catholic intellectual revival, offering an alternative vision to positivist philosophy. For 44 years, the Review was edited by Gurian, Matthew Fitzsimons, Frederick Crosson, and Thomas Stritch. Intellectual leaders included Gurian, Jacques Maritain, Frank O'Malley, Leo Richard Ward, F. A. Hermens, and John U. Nef. It became a major forum for political ideas and modern political concerns, especially from a Catholic and scholastic tradition."
13,1,University_of_Notre_Dame,"aders included Gurian, Jacques Maritain, Frank O'Malley, Leo Richard Ward, F. A. Hermens, and John U. Nef. It became a major forum for political ideas and modern political concerns, especially from a Catholic and scholastic tradition.","The Review of Politics was founded in 1939 by Gurian, modeled after German Catholic journals. It quickly emerged as part of an international Catholic intellectual revival, offering an alternative vision to positivist philosophy. For 44 years, the Review was edited by Gurian, Matthew Fitzsimons, Frederick Crosson, and Thomas Stritch. Intellectual leaders included Gurian, Jacques Maritain, Frank O'Malley, Leo Richard Ward, F. A. Hermens, and John U. Nef. It became a major forum for political ideas and modern political concerns, especially from a Catholic and scholastic tradition."
14,0,University_of_Notre_Dame,"As of 2012[update] research continued in many fields. The university president, John Jenkins, described his hope that Notre Dame would become ""one of the pre–eminent research institutions in the world"" in his inaugural address. The university has many multi-disciplinary institutes devoted to research in varying fields, including the Medieval Institute, the Kellogg Institute for International Studi","As of 2012[update] research continued in many fields. The university president, John Jenkins, described his hope that Notre Dame would become ""one of the pre–eminent research institutions in the world"" in his inaugural address. The university has many multi-disciplinary institutes devoted to research in varying fields, including the Medieval Institute, the Kellogg Institute for International Studies, the Kroc Institute for International Peace studies, and the Center for Social Concerns. Recent research includes work on family conflict and child development, genome mapping, the increasing trade deficit of the United States with China, studies in fluid mechanics, computational science and engineering, and marketing trends on the Internet. As of 2013, the university is home to the Notre Dame Global Adaptation Index which ranks countries annually based on how vulnerable they are to climate change and how prepared they are to adapt."
14,1,University_of_Notre_Dame,"ute, the Kellogg Institute for International Studies, the Kroc Institute for International Peace studies, and the Center for Social Concerns. Recent research includes work on family conflict and child development, genome mapping, the increasing trade deficit of the United States with China, studies in fluid mechanics, computational science and engineering, and marketing trends on the Internet. As ","As of 2012[update] research continued in many fields. The university president, John Jenkins, described his hope that Notre Dame would become ""one of the pre–eminent research institutions in the world"" in his inaugural address. The university has many multi-disciplinary institutes devoted to research in varying fields, including the Medieval Institute, the Kellogg Institute for International Studies, the Kroc Institute for International Peace studies, and the Center for Social Concerns. Recent research includes work on family conflict and child development, genome mapping, the increasing trade deficit of the United States with China, studies in fluid mechanics, computational science and engineering, and marketing trends on the Internet. As of 2013, the university is home to the Notre Dame Global Adaptation Index which ranks countries annually based on how vulnerable they are to climate change and how prepared they are to adapt."
14,2,University_of_Notre_Dame,"neering, and marketing trends on the Internet. As of 2013, the university is home to the Notre Dame Global Adaptation Index which ranks countries annually based on how vulnerable they are to climate change and how prepared they are to adapt.","As of 2012[update] research continued in many fields. The university president, John Jenkins, described his hope that Notre Dame would become ""one of the pre–eminent research institutions in the world"" in his inaugural address. The university has many multi-disciplinary institutes devoted to research in varying fields, including the Medieval Institute, the Kellogg Institute for International Studies, the Kroc Institute for International Peace studies, and the Center for Social Concerns. Recent research includes work on family conflict and child development, genome mapping, the increasing trade deficit of the United States with China, studies in fluid mechanics, computational science and engineering, and marketing trends on the Internet. As of 2013, the university is home to the Notre Dame Global Adaptation Index which ranks countries annually based on how vulnerable they are to climate change and how prepared they are to adapt."
15,0,University_of_Notre_Dame,"In 2014 the Notre Dame student body consisted of 12,179 students, with 8,448 undergraduates, 2,138 graduate and professional and 1,593 professional (Law, M.Div., Business, M.Ed.) students. Around 21–24% of students are children of alumni, and although 37% of students come from the Midwestern United States, the student body represents all 50 states and 100 countries. As of March 2007[update] The Pr","In 2014 the Notre Dame student body consisted of 12,179 students, with 8,448 undergraduates, 2,138 graduate and professional and 1,593 professional (Law, M.Div., Business, M.Ed.) students. Around 21–24% of students are children of alumni, and although 37% of students come from the Midwestern United States, the student body represents all 50 states and 100 countries. As of March 2007[update] The Princeton Review ranked the school as the fifth highest 'dream school' for parents to send their children. As of March 2015[update] The Princeton Review ranked Notre Dame as the ninth highest. The school has been previously criticized for its lack of diversity, and The Princeton Review ranks the university highly among schools at which ""Alternative Lifestyles [are] Not an Alternative."" It has also been commended by some diversity oriented publications; Hispanic Magazine in 2004 ranked the university ninth on its list of the top–25 colleges for Latinos, and The Journal of Blacks in Higher Education recognized the university in 2006 for raising enrollment of African-American students. With 6,000 participants, the university's intramural sports program was named in 2004 by Sports Illustrated as the best program in the country, while in 2007 The Princeton Review named it as the top school where ""Everyone Plays Intramural Sports."" The annual Bookstore Basketball tournament is the largest outdoor five-on-five tournament in the world with over 700 teams participating each year, while the Notre Dame Men's Boxing Club hosts the annual Bengal Bouts tournament that raises money for the Holy Cross Missions in Bangladesh."
15,1,University_of_Notre_Dame,"and 100 countries. As of March 2007[update] The Princeton Review ranked the school as the fifth highest 'dream school' for parents to send their children. As of March 2015[update] The Princeton Review ranked Notre Dame as the ninth highest. The school has been previously criticized for its lack of diversity, and The Princeton Review ranks the university highly among schools at which ""Alternative L","In 2014 the Notre Dame student body consisted of 12,179 students, with 8,448 undergraduates, 2,138 graduate and professional and 1,593 professional (Law, M.Div., Business, M.Ed.) students. Around 21–24% of students are children of alumni, and although 37% of students come from the Midwestern United States, the student body represents all 50 states and 100 countries. As of March 2007[update] The Princeton Review ranked the school as the fifth highest 'dream school' for parents to send their children. As of March 2015[update] The Princeton Review ranked Notre Dame as the ninth highest. The school has been previously criticized for its lack of diversity, and The Princeton Review ranks the university highly among schools at which ""Alternative Lifestyles [are] Not an Alternative."" It has also been commended by some diversity oriented publications; Hispanic Magazine in 2004 ranked the university ninth on its list of the top–25 colleges for Latinos, and The Journal of Blacks in Higher Education recognized the university in 2006 for raising enrollment of African-American students. With 6,000 participants, the university's intramural sports program was named in 2004 by Sports Illustrated as the best program in the country, while in 2007 The Princeton Review named it as the top school where ""Everyone Plays Intramural Sports."" The annual Bookstore Basketball tournament is the largest outdoor five-on-five tournament in the world with over 700 teams participating each year, while the Notre Dame Men's Boxing Club hosts the annual Bengal Bouts tournament that raises money for the Holy Cross Missions in Bangladesh."
15,2,University_of_Notre_Dame,"rsity highly among schools at which ""Alternative Lifestyles [are] Not an Alternative."" It has also been commended by some diversity oriented publications; Hispanic Magazine in 2004 ranked the university ninth on its list of the top–25 colleges for Latinos, and The Journal of Blacks in Higher Education recognized the university in 2006 for raising enrollment of African-American students. With 6,000","In 2014 the Notre Dame student body consisted of 12,179 students, with 8,448 undergraduates, 2,138 graduate and professional and 1,593 professional (Law, M.Div., Business, M.Ed.) students. Around 21–24% of students are children of alumni, and although 37% of students come from the Midwestern United States, the student body represents all 50 states and 100 countries. As of March 2007[update] The Princeton Review ranked the school as the fifth highest 'dream school' for parents to send their children. As of March 2015[update] The Princeton Review ranked Notre Dame as the ninth highest. The school has been previously criticized for its lack of diversity, and The Princeton Review ranks the university highly among schools at which ""Alternative Lifestyles [are] Not an Alternative."" It has also been commended by some diversity oriented publications; Hispanic Magazine in 2004 ranked the university ninth on its list of the top–25 colleges for Latinos, and The Journal of Blacks in Higher Education recognized the university in 2006 for raising enrollment of African-American students. With 6,000 participants, the university's intramural sports program was named in 2004 by Sports Illustrated as the best program in the country, while in 2007 The Princeton Review named it as the top school where ""Everyone Plays Intramural Sports."" The annual Bookstore Basketball tournament is the largest outdoor five-on-five tournament in the world with over 700 teams participating each year, while the Notre Dame Men's Boxing Club hosts the annual Bengal Bouts tournament that raises money for the Holy Cross Missions in Bangladesh."
15,3,University_of_Notre_Dame,"nrollment of African-American students. With 6,000 participants, the university's intramural sports program was named in 2004 by Sports Illustrated as the best program in the country, while in 2007 The Princeton Review named it as the top school where ""Everyone Plays Intramural Sports."" The annual Bookstore Basketball tournament is the largest outdoor five-on-five tournament in the world with over","In 2014 the Notre Dame student body consisted of 12,179 students, with 8,448 undergraduates, 2,138 graduate and professional and 1,593 professional (Law, M.Div., Business, M.Ed.) students. Around 21–24% of students are children of alumni, and although 37% of students come from the Midwestern United States, the student body represents all 50 states and 100 countries. As of March 2007[update] The Princeton Review ranked the school as the fifth highest 'dream school' for parents to send their children. As of March 2015[update] The Princeton Review ranked Notre Dame as the ninth highest. The school has been previously criticized for its lack of diversity, and The Princeton Review ranks the university highly among schools at which ""Alternative Lifestyles [are] Not an Alternative."" It has also been commended by some diversity oriented publications; Hispanic Magazine in 2004 ranked the university ninth on its list of the top–25 colleges for Latinos, and The Journal of Blacks in Higher Education recognized the university in 2006 for raising enrollment of African-American students. With 6,000 participants, the university's intramural sports program was named in 2004 by Sports Illustrated as the best program in the country, while in 2007 The Princeton Review named it as the top school where ""Everyone Plays Intramural Sports."" The annual Bookstore Basketball tournament is the largest outdoor five-on-five tournament in the world with over 700 teams participating each year, while the Notre Dame Men's Boxing Club hosts the annual Bengal Bouts tournament that raises money for the Holy Cross Missions in Bangladesh."
15,4,University_of_Notre_Dame,"oor five-on-five tournament in the world with over 700 teams participating each year, while the Notre Dame Men's Boxing Club hosts the annual Bengal Bouts tournament that raises money for the Holy Cross Missions in Bangladesh.","In 2014 the Notre Dame student body consisted of 12,179 students, with 8,448 undergraduates, 2,138 graduate and professional and 1,593 professional (Law, M.Div., Business, M.Ed.) students. Around 21–24% of students are children of alumni, and although 37% of students come from the Midwestern United States, the student body represents all 50 states and 100 countries. As of March 2007[update] The Princeton Review ranked the school as the fifth highest 'dream school' for parents to send their children. As of March 2015[update] The Princeton Review ranked Notre Dame as the ninth highest. The school has been previously criticized for its lack of diversity, and The Princeton Review ranks the university highly among schools at which ""Alternative Lifestyles [are] Not an Alternative."" It has also been commended by some diversity oriented publications; Hispanic Magazine in 2004 ranked the university ninth on its list of the top–25 colleges for Latinos, and The Journal of Blacks in Higher Education recognized the university in 2006 for raising enrollment of African-American students. With 6,000 participants, the university's intramural sports program was named in 2004 by Sports Illustrated as the best program in the country, while in 2007 The Princeton Review named it as the top school where ""Everyone Plays Intramural Sports."" The annual Bookstore Basketball tournament is the largest outdoor five-on-five tournament in the world with over 700 teams participating each year, while the Notre Dame Men's Boxing Club hosts the annual Bengal Bouts tournament that raises money for the Holy Cross Missions in Bangladesh."
16,0,University_of_Notre_Dame,"About 80% of undergraduates and 20% of graduate students live on campus. The majority of the graduate students on campus live in one of four graduate housing complexes on campus, while all on-campus undergraduates live in one of the 29 residence halls. Because of the religious affiliation of the university, all residence halls are single-sex, with 15 male dorms and 14 female dorms. The university ","About 80% of undergraduates and 20% of graduate students live on campus. The majority of the graduate students on campus live in one of four graduate housing complexes on campus, while all on-campus undergraduates live in one of the 29 residence halls. Because of the religious affiliation of the university, all residence halls are single-sex, with 15 male dorms and 14 female dorms. The university maintains a visiting policy (known as parietal hours) for those students who live in dormitories, specifying times when members of the opposite sex are allowed to visit other students' dorm rooms; however, all residence halls have 24-hour social spaces for students regardless of gender. Many residence halls have at least one nun and/or priest as a resident. There are no traditional social fraternities or sororities at the university, but a majority of students live in the same residence hall for all four years. Some intramural sports are based on residence hall teams, where the university offers the only non-military academy program of full-contact intramural American football. At the end of the intramural season, the championship game is played on the field in Notre Dame Stadium."
16,1,University_of_Notre_Dame,"15 male dorms and 14 female dorms. The university maintains a visiting policy (known as parietal hours) for those students who live in dormitories, specifying times when members of the opposite sex are allowed to visit other students' dorm rooms; however, all residence halls have 24-hour social spaces for students regardless of gender. Many residence halls have at least one nun and/or priest as a ","About 80% of undergraduates and 20% of graduate students live on campus. The majority of the graduate students on campus live in one of four graduate housing complexes on campus, while all on-campus undergraduates live in one of the 29 residence halls. Because of the religious affiliation of the university, all residence halls are single-sex, with 15 male dorms and 14 female dorms. The university maintains a visiting policy (known as parietal hours) for those students who live in dormitories, specifying times when members of the opposite sex are allowed to visit other students' dorm rooms; however, all residence halls have 24-hour social spaces for students regardless of gender. Many residence halls have at least one nun and/or priest as a resident. There are no traditional social fraternities or sororities at the university, but a majority of students live in the same residence hall for all four years. Some intramural sports are based on residence hall teams, where the university offers the only non-military academy program of full-contact intramural American football. At the end of the intramural season, the championship game is played on the field in Notre Dame Stadium."
16,2,University_of_Notre_Dame,"ce halls have at least one nun and/or priest as a resident. There are no traditional social fraternities or sororities at the university, but a majority of students live in the same residence hall for all four years. Some intramural sports are based on residence hall teams, where the university offers the only non-military academy program of full-contact intramural American football. At the end of","About 80% of undergraduates and 20% of graduate students live on campus. The majority of the graduate students on campus live in one of four graduate housing complexes on campus, while all on-campus undergraduates live in one of the 29 residence halls. Because of the religious affiliation of the university, all residence halls are single-sex, with 15 male dorms and 14 female dorms. The university maintains a visiting policy (known as parietal hours) for those students who live in dormitories, specifying times when members of the opposite sex are allowed to visit other students' dorm rooms; however, all residence halls have 24-hour social spaces for students regardless of gender. Many residence halls have at least one nun and/or priest as a resident. There are no traditional social fraternities or sororities at the university, but a majority of students live in the same residence hall for all four years. Some intramural sports are based on residence hall teams, where the university offers the only non-military academy program of full-contact intramural American football. At the end of the intramural season, the championship game is played on the field in Notre Dame Stadium."
16,3,University_of_Notre_Dame,"ontact intramural American football. At the end of the intramural season, the championship game is played on the field in Notre Dame Stadium.","About 80% of undergraduates and 20% of graduate students live on campus. The majority of the graduate students on campus live in one of four graduate housing complexes on campus, while all on-campus undergraduates live in one of the 29 residence halls. Because of the religious affiliation of the university, all residence halls are single-sex, with 15 male dorms and 14 female dorms. The university maintains a visiting policy (known as parietal hours) for those students who live in dormitories, specifying times when members of the opposite sex are allowed to visit other students' dorm rooms; however, all residence halls have 24-hour social spaces for students regardless of gender. Many residence halls have at least one nun and/or priest as a resident. There are no traditional social fraternities or sororities at the university, but a majority of students live in the same residence hall for all four years. Some intramural sports are based on residence hall teams, where the university offers the only non-military academy program of full-contact intramural American football. At the end of the intramural season, the championship game is played on the field in Notre Dame Stadium."
