question,answer,retrieved_sources
Who developed the theory of relativity?,"Ответ сформирован на основе найденного контекста.

Запрос: Who developed the theory of relativity?

Наиболее релевантная информация:
Albert Einstein developed the theory of relativity. He was a German-born theoretical physicist.

Sociologists and criminologists have not reached consensus on the explanation for the dramatic decrease in the city's crime rate. Some attribute the phenomenon to new tactics used by the NYPD, including its use of CompStat and the broken windows theory. Others cite the end of the crack epidemic and 

hybrid system. The C-X75s used for filming were developed by the engineering division of Formula One racing team Williams, who built the original C-X75 prototype for Jaguar.","Albert_Einstein, New_York_City, Spectre_(2015_film)"
Where was Nikola Tesla born?,"Ответ сформирован на основе найденного контекста.

Запрос: Where was Nikola Tesla born?

Наиболее релевантная информация:
Nikola Tesla was born in Smiljan, in modern-day Croatia. He was an inventor and electrical engineer.

Albert Einstein developed the theory of relativity. He was a German-born theoretical physicist.

Approximately 37% of the city's population is foreign born. In New York, no single country or region of origin dominates. The ten largest sources of foreign-born individuals in the city as of 2011 were the Dominican Republic, China, Mexico, Guyana, Jamaica, Ecuador, Haiti, India, Russia, and Trinida","Nikola_Tesla, Albert_Einstein, New_York_City"
What is DNA responsible for?,"Ответ сформирован на основе найденного контекста.

Запрос: What is DNA responsible for?

Наиболее релевантная информация:
DNA is responsible for storing genetic information and instructions used in the development and functioning of living organisms.

 death. Phages will insert their DNA into the bacterium, allowing their DNA to be transcribed. Once their DNA is transcribed the cell will proceed to make new phages and as soon as they are ready to be released, the cell will lyse. One of the worries about using phages to fight pathogens is that the

victims, many of whom have little or no insurance: ""The government should be responsible for providing medical treatment to them,"" he said.","DNA, Antibiotics, 2008_Sichuan_earthquake"
What is in front of the Notre Dame Main Building?,"Ответ сформирован на основе найденного контекста.

Запрос: What is in front of the Notre Dame Main Building?

Наиболее релевантная информация:
Architecturally, the school has a Catholic character. Atop the Main Building's gold dome is a golden statue of the Virgin Mary. Immediately in front of the Main Building and facing it, is a copper statue of Christ with arms upraised with the legend ""Venite Ad Me Omnes"". Next to the Main Building is 

The library system of the university is divided between the main library and each of the colleges and schools. The main building is the 14-story Theodore M. Hesburgh Library, completed in 1963, which is the third building to house the main collection of books. The front of the library is adorned wit

The University of Notre Dame du Lac (or simply Notre Dame /ˌnoʊtərˈdeɪm/ NOH-tər-DAYM) is a Catholic research university located adjacent to South Bend, Indiana, in the United States. In French, Notre Dame du Lac means ""Our Lady of the Lake"" and refers to the university's patron saint, the Virgin Ma","University_of_Notre_Dame, University_of_Notre_Dame, University_of_Notre_Dame"
What is the Grotto at Notre Dame?,"Ответ сформирован на основе найденного контекста.

Запрос: What is the Grotto at Notre Dame?

Наиболее релевантная информация:
Venite Ad Me Omnes"". Next to the Main Building is the Basilica of the Sacred Heart. Immediately behind the basilica is the Grotto, a Marian place of prayer and reflection. It is a replica of the grotto at Lourdes, France where the Virgin Mary reputedly appeared to Saint Bernadette Soubirous in 1858.

The University of Notre Dame du Lac (or simply Notre Dame /ˌnoʊtərˈdeɪm/ NOH-tər-DAYM) is a Catholic research university located adjacent to South Bend, Indiana, in the United States. In French, Notre Dame du Lac means ""Our Lady of the Lake"" and refers to the university's patron saint, the Virgin Ma

The ""Notre Dame Victory March"" is the fight song for the University of Notre Dame. It was written by two brothers who were Notre Dame graduates. The Rev. Michael J. Shea, a 1904 graduate, wrote the music, and his brother, John F. Shea, who earned degrees in 1906 and 1908, wrote the original lyrics. ","University_of_Notre_Dame, University_of_Notre_Dame, University_of_Notre_Dame"
